scode,sname,securitytype,trademarket,ldate,rdate,basiceps,yysr,ys,yshz,qntqys,jlr,lr,sjlhz,qntqjlr,parentbvps,roeweighted,publishname,securitytypecode,trademarketcode
300760,迈瑞医疗,A股,深交所创业板,2018-09-14T00:00:00,2018-06-30T00:00:00,-,6808388200.0,24.348237693445412,10.376795777667478,5475259100.0,1871690300.0,55.24814782865466,31.876988438019737,1205612000.0,-,-,医疗行业,058001001,069001002002
601162,天风证券,A股,上交所主板,2018-09-14T00:00:00,2018-06-30T00:00:00,-,1348550600.0,-9.675644637593077,12.166027450947253,1493008828.67,231987200.0,-7.730961240816303,56.44251521769329,251424749.97,-,-,券商信托,058001001,069001001001
002936,郑州银行,A股,深交所中小板,2018-09-06T00:00:00,2018-06-30T00:00:00,-,5159466000.0,6.0001906557324505,1.5112565058549765,4867412000.0,2366553000.0,4.189361960662078,4.860003202894724,2271396000.0,-,-,银行,058001001,069001002003
002938,鹏鼎控股,A股,深交所中小板,2018-08-28T00:00:00,2018-06-30T00:00:00,-,9479764536.71,28.210282322407203,-6.487884662265431,7393919087.45,430314949.29,52.72658001915492,40.37781656839449,281755113.77,-,-,电子元件,058001001,069001002003
600811,东方集团,A股,上交所主板,2018-08-27T00:00:00,2018-06-30T00:00:00,0.1414,4295323700.0,19.474420483303287,45.333461569387055,3595182703.23,525384800.0,30.114264352993843,115.79918758204057,403787242.4,5.48,2.6,综合行业,058001001,069001001001
600007,中国国贸,A股,上交所主板,2018-08-23T00:00:00,2018-06-30T00:00:00,0.4,1552120000.0,23.678036991682365,-0.3780478013549674,1254968172.0,403860000.0,36.920787706858,0.26162143314854663,294958864.0,6.5,6.15,房地产,058001001,069001001001
601901,方正证券,A股,上交所主板,2018-08-21T00:00:00,2018-06-30T00:00:00,0.03,2308933800.0,-22.188771422024065,-21.652135515363796,2967352967.17,205831900.0,-75.02629598379755,-134.97327232597792,824194520.23,4.55,0.55,券商信托,058001001,069001001001
603959,百利科技,A股,上交所主板,2018-08-21T00:00:00,2018-06-30T00:00:00,0.25,387237853.02,59.132058228690795,16.421915520879015,243343709.2,79093676.22,280.9228264036342,82.13399512378689,20763700.87,3.3,7.92,工程建设,058001001,069001001001
600848,上海临港,A股,上交所主板,2018-08-18T00:00:00,2018-06-30T00:00:00,0.1394,640503600.0,-29.262078479761854,29.12177516648637,905460022.34,156125200.0,-18.081392287903622,33.91310858528193,190585758.67,5.83,2.4,房地产,058001001,069001001001
900928,临港B股,B股,上交所主板,2018-08-18T00:00:00,2018-06-30T00:00:00,0.1394,640503600.0,-29.262078479761854,29.12177516648637,905460022.34,156125200.0,-18.081392287903622,33.91310858528193,190585758.67,5.83,2.4,房地产,058001002,069001001001
603035,常熟汽饰,A股,上交所主板,2018-08-18T00:00:00,2018-06-30T00:00:00,0.95,681727196.2,16.691309377457898,0.9370954340089995,584214197.13,267218783.12,121.86879557936325,101.82268928274848,120440002.58,8.71,11.43,汽车行业,058001001,069001001001
603108,润达医疗,A股,上交所主板,2018-08-17T00:00:00,2018-06-30T00:00:00,0.25,2794774046.07,58.55726277622273,15.80236488701143,1762627581.44,144284825.57,49.96758822685447,55.68950596329868,96210672.77,4.12,6.17,医药制造,058001001,069001001001
600398,海澜之家,A股,上交所主板,2018-08-16T00:00:00,2018-06-30T00:00:00,0.46,10013642828.56,8.230216129811257,-26.940563844192173,9252169298.59,2066010728.01,10.197039915903314,-17.319358864496802,1874833234.71,2.47,16.93,纺织服装,058001001,069001001001
600665,天地源,A股,上交所主板,2018-08-16T00:00:00,2018-06-30T00:00:00,0.2596,3150848900.0,73.70564344167889,41.64209962003293,1813901285.86,224286500.0,113.82245300994205,60.20891466424371,104893801.77,3.695,7.1,房地产,058001001,069001001001
601066,中信建投,A股,上交所主板,2018-08-14T00:00:00,2018-06-30T00:00:00,0.23,5262810000.0,2.694883476079255,-8.56696178532188,5124705167.25,1692860000.0,-8.747571469609879,-28.972871442340598,1855139668.35,6.58,4.27,券商信托,058001001,069001001001
601577,长沙银行,A股,上交所主板,2018-08-14T00:00:00,2018-06-30T00:00:00,-,6453939000.0,9.243521242767669,-0.7586616313555856,5907846000.0,2384807000.0,10.208947195244134,-6.57495603989177,2163896000.0,-,-,银行,058001001,069001001001
000627,天茂集团,A股,深交所主板,2018-08-10T00:00:00,2018-06-30T00:00:00,0.17,20158867100.0,-47.25096758320244,-72.36192899053647,38216562800.08,847509300.0,35.424529159936135,50.470972365197674,625816685.69,3.83,4.43,保险,058001001,069001002001
000539,粤电力A,A股,深交所主板,2018-08-09T00:00:00,2018-06-30T00:00:00,0.0855,13894985179.0,12.18764069231771,39.052040707229466,12385486577.0,448833518.0,248.64721350658493,7611.398708535282,128735725.0,4.51,1.88,电力行业,058001001,069001002001
200539,粤电力B,B股,深交所主板,2018-08-09T00:00:00,2018-06-30T00:00:00,0.0855,13894985179.0,12.18764069231771,39.052040707229466,12385486577.0,448833518.0,248.64721350658493,7611.398708535282,128735725.0,4.51,1.88,电力行业,058001002,069001002001
000008,神州高铁,A股,深交所主板,2018-08-09T00:00:00,2018-06-30T00:00:00,0.0218,730004256.89,28.421672010987354,149.2524691989916,568443196.12,61380173.14,10.139712344205433,383.2286771002258,55729374.84,2.5,0.71,交运设备,058001001,069001002001
603326,我乐家居,A股,上交所主板,2018-08-09T00:00:00,2018-06-30T00:00:00,0.0881,428043300.0,26.424392197927293,83.85170423662468,338576514.04,19900600.0,60.554802968419054,711.572755871376,12394895.47,3.28,2.6556,木业家具,058001001,069001001001
601888,中国国旅,A股,上交所主板,2018-08-08T00:00:00,2018-06-30T00:00:00,0.9828,21084721588.61,67.77025246055568,38.26946852149143,12567616296.32,1918815134.61,47.57883646958636,-34.560352666556874,1300196681.66,7.66,12.94,旅游酒店,058001001,069001001001
002833,弘亚数控,A股,深交所中小板,2018-08-08T00:00:00,2018-06-30T00:00:00,1.21,608665200.0,50.38620804387113,35.633046664857645,404734721.3,163932000.0,33.53626862308677,32.140908080005275,122762154.2,7.99,16.08,专用设备,058001001,069001002003
601958,金钼股份,A股,上交所主板,2018-08-07T00:00:00,2018-06-30T00:00:00,0.046,4195091000.0,-19.70329289806698,11.359457165881363,5224486970.15,148517100.0,869.0952296048159,31.098872931989735,15325335.99,4.0,1.16,有色金属,058001001,069001001001
603180,金牌厨柜,A股,上交所主板,2018-08-07T00:00:00,2018-06-30T00:00:00,0.9149,642939900.0,15.11999904737335,45.438887393031905,558495400.73,61298100.0,32.53305061881757,129.80735103714224,46251180.15,12.95,6.71,木业家具,058001001,069001001001
300326,凯利泰,A股,深交所创业板,2018-08-07T00:00:00,2018-06-30T00:00:00,0.1548,456584632.45,24.639238754376066,-3.1520262579464378,366324952.73,110991615.68,16.808860819986172,27.09090517955403,95019859.71,3.0056,5.24,医疗行业,058001001,069001002002
603716,塞力斯,A股,上交所主板,2018-08-06T00:00:00,2018-06-30T00:00:00,0.27,574497300.0,59.46355304430138,20.917945026582267,360268719.11,48286700.0,30.05275431379757,58.95563864031072,37128548.53,7.71,5.06,医疗行业,058001001,069001001001
002543,万和电气,A股,深交所中小板,2018-08-04T00:00:00,2018-06-30T00:00:00,0.6284,3764420113.2,22.78621311943672,-26.560040395339986,3065832895.7,276504690.8,29.371802380414824,-10.932976316245195,213728715.0,7.4825,8.77,家电行业,058001001,069001002003
603801,志邦家居,A股,上交所主板,2018-08-04T00:00:00,2018-06-30T00:00:00,0.5929,1042162400.0,25.68677998121325,64.70994530877233,829174237.86,94868100.0,47.529026525029636,114.61154668274256,64304701.41,10.6139,5.53,木业家具,058001001,069001001001
002035,华帝股份,A股,深交所中小板,2018-08-03T00:00:00,2018-06-30T00:00:00,0.59,3174386099.45,17.239665445329948,22.85441114351138,2707604194.7,342666519.94,45.323372836538375,96.95871971207504,235795875.95,4.06,14.52,家电行业,058001001,069001002003
603360,百傲化学,A股,上交所主板,2018-08-03T00:00:00,2018-06-30T00:00:00,0.48,252056841.71,31.956396114231023,0.34393239185281627,191015251.35,63650311.04,16.560457321388157,33.03730903008034,54607121.92,5.63,8.85,化工行业,058001001,069001001001
600884,杉杉股份,A股,上交所主板,2018-08-01T00:00:00,2018-06-30T00:00:00,0.414,4285912000.0,11.254173766978132,36.32965501104826,3852360639.5,464925900.0,37.12627847623246,110.4299216176552,339049455.12,9.3,4.445,电子元件,058001001,069001001001
601009,南京银行,A股,上交所主板,2018-08-01T00:00:00,2018-06-30T00:00:00,0.7,13496000000.0,8.618992726245772,1.439420184032881,12425083000.0,5978000000.0,17.111732389700357,7.172579471893599,5104527000.0,7.3,9.81,银行,058001001,069001001001
002864,盘龙药业,A股,深交所中小板,2018-08-01T00:00:00,2018-06-30T00:00:00,0.35,208339577.45,29.125194456001875,21.05775106996812,161346961.24,29999006.58,71.07362418429022,112.06486235793946,17535728.68,6.66,5.27,医药制造,058001001,069001002003
002908,德生科技,A股,深交所中小板,2018-08-01T00:00:00,2018-06-30T00:00:00,0.19,168438242.25,7.808294594673402,18.178021788806863,156238666.87,24871083.99,10.213299326250073,121.13114578552542,22566318.35,4.67,3.91,电子信息,058001001,069001002003
603833,欧派家居,A股,上交所主板,2018-08-01T00:00:00,2018-06-30T00:00:00,1.31,4845409000.0,25.048560433243622,54.18785120904304,3874821895.76,550042100.0,32.83146505074851,547.7888785437452,414090215.59,15.46,8.46,木业家具,058001001,069001001001
300003,乐普医疗,A股,深交所创业板,2018-08-01T00:00:00,2018-06-30T00:00:00,0.4545,2954630000.0,35.36972814456913,5.780081032703676,2182637167.48,809785000.0,63.482972752569786,67.09104607303146,495332930.62,3.5451,12.63,医疗行业,058001001,069001002002
002111,威海广泰,A股,深交所中小板,2018-07-31T00:00:00,2018-06-30T00:00:00,0.3291,998278700.15,27.857313745132362,59.808143215077145,780775593.44,125675850.63,15.759771876888292,46.651839015568555,108566083.53,7.03,4.71,机械行业,058001001,069001002003
002085,万丰奥威,A股,深交所中小板,2018-07-31T00:00:00,2018-06-30T00:00:00,0.2538,5206084030.51,5.061962302075136,1.700109628072188,4955251088.44,555002049.15,15.36612093496493,46.1201040339293,481078885.77,2.66,8.98,汽车行业,058001001,069001002003
002099,海翔药业,A股,深交所中小板,2018-07-31T00:00:00,2018-06-30T00:00:00,0.17,1368684009.9,11.4591149947985,24.09741235635219,1227969565.31,276681173.29,13.6451308293663,418.027148076972,243460649.19,3.24,5.27,医药制造,058001001,069001002003
002094,青岛金王,A股,深交所中小板,2018-07-31T00:00:00,2018-06-30T00:00:00,0.292,2741115289.29,37.03828808467715,29.54704739484476,2000255058.35,129974246.37,-57.60640315910543,71.82099905942616,306589334.37,4.22,4.95,化工行业,058001001,069001002003
002064,华峰氨纶,A股,深交所中小板,2018-07-31T00:00:00,2018-06-30T00:00:00,0.15,2204992558.09,19.455479691861644,20.520943785811845,1845869744.76,247559298.76,28.580220195060008,24.281138675699967,192532955.99,2.17,7.03,化纤行业,058001001,069001002003
002062,宏润建设,A股,深交所中小板,2018-07-31T00:00:00,2018-06-30T00:00:00,0.14,4094112913.43,9.463623912126467,-6.732325269443601,3740158389.71,152729579.33,26.70162517678897,-12.114151366193267,120542715.31,2.58,5.42,工程建设,058001001,069001002003
002055,得润电子,A股,深交所中小板,2018-07-31T00:00:00,2018-06-30T00:00:00,0.1181,3630087051.49,50.62513739822093,13.025235990695098,2410014101.36,55427112.97,-39.51667995641974,-31.98052181717565,91640328.16,5.3262,2.27,电子元件,058001001,069001002003
002140,东华科技,A股,深交所中小板,2018-07-31T00:00:00,2018-06-30T00:00:00,0.1655,1181607164.06,39.54189917143485,92.26895335260063,846775893.89,73799471.24,9.857999102264348,83.05832889459148,67177148.54,4.54,3.71,工程建设,058001001,069001002003
002061,浙江交科,A股,深交所中小板,2018-07-31T00:00:00,2018-06-30T00:00:00,0.51,10543710000.0,43.03791943354591,41.92479711955392,7371269130.42,670979300.0,69.45283878365261,25.00121961800581,395968167.2,4.55,11.47,工程建设,058001001,069001002003
002302,西部建设,A股,深交所中小板,2018-07-31T00:00:00,2018-06-30T00:00:00,0.06,8166616654.31,31.036655945085727,72.25613371134814,6232314611.06,79517396.31,533.0837620598572,264.98575223557157,-18360742.95,4.99,1.25,水泥建材,058001001,069001002003
002033,丽江旅游,A股,深交所中小板,2018-07-31T00:00:00,2018-06-30T00:00:00,0.2156,337511191.32,5.841138533251056,48.14741767647859,318884694.55,118487011.62,18.569643124431455,56.89231143959408,99930309.73,4.3,4.97,旅游酒店,058001001,069001002003
002027,分众传媒,A股,深交所中小板,2018-07-31T00:00:00,2018-06-30T00:00:00,0.23,7110000000.0,26.048934159157554,40.236617569902194,5640666497.84,3347000000.0,32.13816167785923,77.19340975293659,2532954868.98,0.85,28.24,电子信息,058001001,069001002003
002024,苏宁易购,A股,深交所中小板,2018-07-31T00:00:00,2018-06-30T00:00:00,0.65,110786328000.0,32.28870471715555,23.267956384985965,83745871000.0,5997179000.0,1957.3795180722893,5191.352697393853,291496000.0,8.58,7.56,商业百货,058001001,069001002003
002023,海特高新,A股,深交所中小板,2018-07-31T00:00:00,2018-06-30T00:00:00,0.04,210636558.8,0.47979247437007766,4.159647750758426,209630766.16,30051622.87,30.21405620557228,-116.19836997810968,23078632.02,4.57,0.86,航天航空,058001001,069001002003
002012,凯恩股份,A股,深交所中小板,2018-07-31T00:00:00,2018-06-30T00:00:00,0.02,542260038.73,15.96903195467982,4.82837378280963,467590381.32,10264374.46,-53.00107057036302,-12.138686659066545,21839592.06,2.61,0.84,造纸印刷,058001001,069001002003
002672,东江环保,A股,深交所中小板,2018-07-31T00:00:00,2018-06-30T00:00:00,0.3,1662134708.97,18.427521063923148,19.217777938215892,1403503758.28,266063486.33,20.857115028093524,19.085885593419516,220147143.4,4.36,6.89,环保工程,058001001,069001002003
002045,国光电器,A股,深交所中小板,2018-07-31T00:00:00,2018-06-30T00:00:00,0.03,1668927250.0,19.834310420214504,-10.961597833005797,1392695668.0,13983263.0,-59.387738470203246,-76.73829192262698,34431136.0,4.03,0.97,电子元件,058001001,069001002003
002398,建研集团,A股,深交所中小板,2018-07-31T00:00:00,2018-06-30T00:00:00,0.17,1154426038.64,40.63937476590167,53.94983874466256,820841276.18,116950355.03,49.10157600328524,47.49868149048918,78436699.44,3.36,5.05,工程建设,058001001,069001002003
002431,棕榈股份,A股,深交所中小板,2018-07-31T00:00:00,2018-06-30T00:00:00,0.07,2352293555.84,10.631391522606984,165.75865271416552,2126244209.23,106116262.01,25.870358293691346,1853.6147966772521,84305998.21,3.74,1.91,园林工程,058001001,069001002003
002379,宏创控股,A股,深交所中小板,2018-07-31T00:00:00,2018-06-30T00:00:00,0.0048,707478292.36,2.1151164681551062,27.06025430909358,692824252.5,4410486.91,-84.52134845803769,177.1005557241491,28493999.61,1.351,0.35,材料行业,058001001,069001002003
002589,瑞康医药,A股,深交所中小板,2018-07-31T00:00:00,2018-06-30T00:00:00,0.386,15507617700.0,49.206821477034815,17.517929036950484,10393370454.84,580199900.0,12.852865329596947,6.999722311394474,514120663.49,5.54,7.17,医药制造,058001001,069001002003
002399,海普瑞,A股,深交所中小板,2018-07-31T00:00:00,2018-06-30T00:00:00,0.176,2004354083.3,90.88348187217987,51.15262194921746,1050040613.07,219095060.68,2840.836835288795,321.8018625576514,7450092.37,6.12,2.87,医药制造,058001001,069001002003
002373,千方科技,A股,深交所中小板,2018-07-31T00:00:00,2018-06-30T00:00:00,0.22,2874810600.0,49.93746768206496,21.30986058885392,1917339704.64,286199200.0,52.636353080751185,82.17650119543535,187503955.79,5.11,4.6,软件服务,058001001,069001002003
002663,普邦股份,A股,深交所中小板,2018-07-31T00:00:00,2018-06-30T00:00:00,0.055,1630365700.0,2.6197275290186033,32.13709102151985,1588744912.17,99178200.0,6.194393137063708,789.2173353520196,93393066.31,2.88,1.93,园林工程,058001001,069001002003
002422,科伦药业,A股,深交所中小板,2018-07-31T00:00:00,2018-06-30T00:00:00,0.54,7792426337.0,57.67832306765273,-1.8250145710981869,4941976922.0,774021351.0,202.17481395006752,1.9895803234986842,256150187.0,8.78,6.34,医药制造,058001001,069001002003
002322,理工环科,A股,深交所中小板,2018-07-31T00:00:00,2018-06-30T00:00:00,0.19,309169932.4,-4.999119900094566,145.18633488391558,325439019.17,76784214.38,-26.033634629375303,355.65954396544146,103809635.63,7.32,2.51,输配电气,058001001,069001002003
002236,大华股份,A股,深交所中小板,2018-07-31T00:00:00,2018-06-30T00:00:00,0.37,9814041352.48,31.473300392620153,71.2820215110824,7464664934.38,1081916886.52,10.062619878792392,166.10225651605987,983001211.23,3.79,9.91,安防设备,058001001,069001002003
002214,大立科技,A股,深交所中小板,2018-07-31T00:00:00,2018-06-30T00:00:00,0.045,153805918.76,2.0532418920887103,89.96225230396156,150711448.17,20631786.38,19.492286958272665,804.3980148854962,17266207.64,2.19,2.06,安防设备,058001001,069001002003
002224,三力士,A股,深交所中小板,2018-07-31T00:00:00,2018-06-30T00:00:00,0.1,416430917.35,0.2570302019758508,30.75383668780595,415363308.2,68101567.04,-19.899148267486257,157.62598923183734,85019778.9,2.6,4.02,塑胶制品,058001001,069001002003
002420,毅昌股份,A股,深交所中小板,2018-07-31T00:00:00,2018-06-30T00:00:00,-0.0848,2470952013.86,-7.326119408134445,-16.507190790380434,2666287413.54,-34019199.78,35.047011548126555,-2235.7142682751546,-52375110.97,2.86,-2.92,家电行业,058001001,069001002003
002188,*ST巴士,A股,深交所风险警示板,2018-07-31T00:00:00,2018-06-30T00:00:00,-0.5,67297851.3,-78.26729124583768,1.0847863648329399,309661589.18,-146828273.09,-2439.4664824471315,22.88407321689361,-5781855.13,-0.46,-233.51,电子元件,058001001,069001002005
002191,劲嘉股份,A股,深交所中小板,2018-07-31T00:00:00,2018-06-30T00:00:00,0.25,1608801600.0,13.144312373792646,-2.2665713857722403,1421902317.71,379017000.0,25.055069699674576,-21.8015905654981,303080075.77,4.18,5.82,包装材料,058001001,069001002003
002126,银轮股份,A股,深交所中小板,2018-07-31T00:00:00,2018-06-30T00:00:00,0.25,2625459000.0,30.804771841848954,17.907528507863002,2007158426.28,202154600.0,21.129233228840462,-2.47732519260353,166891669.84,4.35,5.88,汽车行业,058001001,069001002003
002169,智光电气,A股,深交所中小板,2018-07-31T00:00:00,2018-06-30T00:00:00,0.1054,1260072246.23,101.6770492234618,77.36838668697898,624797046.11,83065768.81,23.69135898226555,417.07728871985495,67155676.43,3.5651,2.96,输配电气,058001001,069001002003
002922,伊戈尔,A股,深交所中小板,2018-07-31T00:00:00,2018-06-30T00:00:00,0.13,489268066.82,-5.348846922558296,38.76684112049294,516917175.24,17743248.15,-53.7455640581639,1129.0259515297237,38360100.58,6.6,2.06,输配电气,058001001,069001002003
002895,川恒股份,A股,深交所中小板,2018-07-31T00:00:00,2018-06-30T00:00:00,0.073,567296512.01,-2.73356912034131,57.06547320463437,583239774.38,29642619.5,-67.05480929915036,538.0681741928983,89975559.01,4.6,1.5,化工行业,058001001,069001002003
002897,意华股份,A股,深交所中小板,2018-07-31T00:00:00,2018-06-30T00:00:00,0.21,629056600.0,13.163872559300438,30.25954778826914,555881118.04,35059800.0,-29.80493289025794,7.403070633583181,49946244.72,6.33,3.14,电子元件,058001001,069001002003
002885,京泉华,A股,深交所中小板,2018-07-31T00:00:00,2018-06-30T00:00:00,0.3977,561406252.85,18.704840139381268,-16.556479162799043,472943017.48,31815770.7,-8.906192039112334,235.26049773365213,34926381.29,5.74,4.69,电子元件,058001001,069001002003
002853,皮阿诺,A股,深交所中小板,2018-07-31T00:00:00,2018-06-30T00:00:00,0.31,443001046.09,40.844349461254446,41.7611000989217,314532352.76,48531806.54,39.89552978044994,172.918417202003,34691463.42,6.02,5.26,木业家具,058001001,069001002003
603323,吴江银行,A股,上交所主板,2018-07-31T00:00:00,2018-06-30T00:00:00,0.35,1519000000.0,11.359962464581447,17.547909950346373,1364045000.0,505000000.0,15.359224055025209,58.791214422613734,437763000.0,6.02,5.64,银行,058001001,069001001001
002810,山东赫达,A股,深交所中小板,2018-07-31T00:00:00,2018-06-30T00:00:00,0.3156,428327925.94,36.86349050290824,47.273286700027384,312959960.59,31398258.11,11.892682764893134,94.9593581088559,28061046.83,6.2872,4.54,化工行业,058001001,069001002003
002736,国信证券,A股,深交所中小板,2018-07-31T00:00:00,2018-06-30T00:00:00,0.12,4059956400.0,-25.289705352321402,-26.28799065486292,5434266347.29,1157598700.0,-42.50015022380386,-43.43075479115728,2013220390.15,6.25,2.16,券商信托,058001001,069001002003
002758,华通医药,A股,深交所中小板,2018-07-31T00:00:00,2018-06-30T00:00:00,0.097,738315913.54,11.044382999777051,-10.658487722251987,664883620.04,20398943.9,-14.525474541632338,65.08354123174847,23865524.6,3.02,3.63,医药制造,058001001,069001002003
002832,比音勒芬,A股,深交所中小板,2018-07-31T00:00:00,2018-06-30T00:00:00,0.68,675612180.5,36.50121223472213,-17.60209731288391,494949582.82,122446907.78,45.84154523010039,-55.84838303300561,83958866.17,8.04,8.24,纺织服装,058001001,069001002003
002819,东方中科,A股,深交所中小板,2018-07-31T00:00:00,2018-06-30T00:00:00,0.1,385110697.76,12.266834417642809,34.340734753466,343031581.64,10922233.32,58.13336437788945,116.5861344339606,6906975.87,3.89,2.57,仪器仪表,058001001,069001002003
002818,富森美,A股,深交所中小板,2018-07-31T00:00:00,2018-06-30T00:00:00,0.88,742835400.0,17.1837177988905,26.307873507012776,633906667.2,385845700.0,14.375770335085669,16.921121358358445,337349159.59,9.81,8.87,商业百货,058001001,069001002003
601211,国泰君安,A股,上交所主板,2018-07-31T00:00:00,2018-06-30T00:00:00,0.43,11431170000.0,2.9455136997600513,-16.94097031636877,11104097293.0,4009000000.0,-15.711192074149599,-22.571265775775615,4756266103.0,13.99,3.27,券商信托,058001001,069001001001
002709,天赐材料,A股,深交所中小板,2018-07-31T00:00:00,2018-06-30T00:00:00,1.31,941806646.87,0.7125499627478884,15.944317307470165,935143283.75,444905752.79,151.66954309619825,-91.88374213834801,176781722.3,8.43,16.49,化工行业,058001001,069001002003
002727,一心堂,A股,深交所中小板,2018-07-31T00:00:00,2018-06-30T00:00:00,0.515,4291700082.27,17.534179902984814,-3.005596504978864,3651448528.26,292457276.89,35.304277227556895,22.71998930540528,216147843.13,6.722,7.62,医药制造,058001001,069001002003
002799,环球印务,A股,深交所中小板,2018-07-31T00:00:00,2018-06-30T00:00:00,0.09,248451302.71,12.236517082087435,6.43768424875411,221364052.6,13479984.7,4.0657750855749235,-8.810464604870237,12953331.38,3.55,2.57,造纸印刷,058001001,069001002003
002693,双成药业,A股,深交所中小板,2018-07-31T00:00:00,2018-06-30T00:00:00,-0.05,176747825.19,131.248615573224,-15.43695339123145,76431949.55,-18807149.58,-7.218137429779194,-345.9863540553329,-17541015.01,1.41,-3.23,医药制造,058001001,069001002003
002237,恒邦股份,A股,深交所中小板,2018-07-31T00:00:00,2018-06-30T00:00:00,0.25,10403274944.02,1.5021658448829796,25.517171082886648,10249313260.88,226451486.48,14.688690279129593,-15.76266879529104,197448838.18,4.83,5.24,贵金属,058001001,069001002003
002623,亚玛顿,A股,深交所中小板,2018-07-31T00:00:00,2018-06-30T00:00:00,0.12,954990844.11,14.548035253948772,166.32184419708827,833703382.16,18694656.42,145.53445483958268,50.587301172898414,7613862.76,13.45,0.87,玻璃陶瓷,058001001,069001002003
002584,西陇科学,A股,深交所中小板,2018-07-31T00:00:00,2018-06-30T00:00:00,0.08,1727507962.22,8.861028125275489,24.693822026686195,1586892933.1,46368393.28,31.561580194561746,291.1300880029377,35244630.85,2.98,2.7,化工行业,058001001,069001002003
002614,奥佳华,A股,深交所中小板,2018-07-31T00:00:00,2018-06-30T00:00:00,0.26,2210331900.0,31.705307473171455,13.771729498829096,1678240567.83,144054600.0,56.10976297329445,306.4220908153917,92277764.86,5.34,4.86,家电行业,058001001,069001002003
002472,双环传动,A股,深交所中小板,2018-07-31T00:00:00,2018-06-30T00:00:00,0.19,1602937052.6,42.976949984337395,21.136816203575247,1121115713.25,128450797.98,12.257341248372612,31.25228644214369,114425298.65,5.06,3.74,机械行业,058001001,069001002003
002056,横店东磁,A股,深交所中小板,2018-07-30T00:00:00,2018-06-30T00:00:00,0.196,3056008895.34,11.596615701752661,18.55122840146035,2738442269.17,322028049.26,45.19824486804484,107.9913281557608,221785083.94,2.89,6.88,电子元件,058001001,069001002003
002243,通产丽星,A股,深交所中小板,2018-07-30T00:00:00,2018-06-30T00:00:00,0.0804,623416158.54,10.060615991717183,11.504197516584615,566429828.62,29326825.36,14.614608185633582,31.327759279501272,25587336.4,4.13,1.94,包装材料,058001001,069001002003
002233,塔牌集团,A股,深交所中小板,2018-07-30T00:00:00,2018-06-30T00:00:00,0.7226,3031430589.95,53.74883651727457,47.3656868751747,1971677092.73,861501814.3,177.34173155945805,31.839431662589874,310628266.96,7.2789,10.14,水泥建材,058001001,069001002003
002407,多氟多,A股,深交所中小板,2018-07-30T00:00:00,2018-06-30T00:00:00,0.2,1712771476.81,11.150274283811592,-1.2457281052700724,1540951192.29,130828985.71,-13.261111666020515,-28.044261396441684,150830830.58,4.44,4.57,化工行业,058001001,069001002003
603886,元祖股份,A股,上交所主板,2018-07-30T00:00:00,2018-06-30T00:00:00,0.09,716843300.0,8.564758477601034,62.81081084118696,660290972.92,21053100.0,513.7599153510357,270.5878127881235,3430184.91,4.7,1.71,食品饮料,058001001,069001001001
601366,利群股份,A股,上交所主板,2018-07-30T00:00:00,2018-06-30T00:00:00,0.33,5624053400.0,4.791300471126476,-17.117922662637127,5366908679.17,281205000.0,34.74085529991362,-21.422933069526387,208700619.7,5.6,6.01,商业百货,058001001,069001001001
002762,金发拉比,A股,深交所中小板,2018-07-30T00:00:00,2018-06-30T00:00:00,0.1,196803637.51,11.991157686474875,-0.6664445252743314,175731407.35,35319412.81,15.570734877972118,-31.25057086164787,30560862.01,2.72,3.69,纺织服装,058001001,069001002003
002801,微光股份,A股,深交所中小板,2018-07-30T00:00:00,2018-06-30T00:00:00,0.43,297517814.65,4.712800452557789,38.77125355399679,284127454.68,51077174.57,-7.16093238059639,76.79268997063123,55016897.39,7.04,6.05,机械行业,058001001,069001002003
002783,凯龙股份,A股,深交所中小板,2018-07-30T00:00:00,2018-06-30T00:00:00,0.22,818595810.27,28.74658108609654,63.34689942596905,635819455.06,71998635.67,0.7173954427799586,503.5806906363815,71485799.8,4.28,5.12,化工行业,058001001,069001002003
002371,北方华创,A股,深交所中小板,2018-07-28T00:00:00,2018-06-30T00:00:00,0.2598,1394741305.78,33.43714603653681,57.12962253383339,1045242158.73,119005628.91,125.43729284849634,574.8020253424296,52788794.35,7.45,3.61,电子元件,058001001,069001002003
002147,新光圆成,A股,深交所中小板,2018-07-28T00:00:00,2018-06-30T00:00:00,0.0816,1042762400.0,8.821541796273214,143.33975611753274,958231598.99,149236600.0,302.8954692331567,416.7689926458405,37041022.15,4.48,1.84,房地产,058001001,069001002003
002296,辉煌科技,A股,深交所中小板,2018-07-28T00:00:00,2018-06-30T00:00:00,0.0513,183786068.91,-14.916848966629479,42.416233425831514,216007595.72,19305042.2,-22.682353255210035,428.21082430624335,24968481.34,3.7357,1.36,通讯行业,058001001,069001002003
002362,汉王科技,A股,深交所中小板,2018-07-28T00:00:00,2018-06-30T00:00:00,0.0947,296736342.69,13.193036885705379,16.04742854942059,262150703.66,20562581.65,2.0389526916125296,17.47322659796452,20151698.06,3.98,2.42,软件服务,058001001,069001002003
002054,德美化工,A股,深交所中小板,2018-07-28T00:00:00,2018-06-30T00:00:00,0.0681,833175810.56,-38.67991966378508,43.98600863664181,1358732418.47,28535454.37,12.03363776611878,829.0913810192561,25470434.54,4.268,1.59,化工行业,058001001,069001002003
002003,伟星股份,A股,深交所中小板,2018-07-28T00:00:00,2018-06-30T00:00:00,0.24,1265054675.35,7.663480872234703,99.54621787205069,1175008150.49,180919270.63,10.894702651468668,908.5719121507162,163145097.38,2.91,7.31,纺织服装,058001001,069001002003
002039,黔源电力,A股,深交所中小板,2018-07-28T00:00:00,2018-06-30T00:00:00,0.4585,1073040749.41,34.29793377971304,76.67649510874855,799000192.49,140026050.73,197.09391351787593,504.7875947369797,47131914.98,7.87,5.84,电力行业,058001001,069001002003
002252,上海莱士,A股,深交所中小板,2018-07-28T00:00:00,2018-06-30T00:00:00,-0.17,960763673.08,10.76807106342274,102.60764357741787,867365174.69,-855176948.03,-220.6449131785576,75.93905436668985,708837965.48,2.32,-7.1,医药制造,058001001,069001002003
002179,中航光电,A股,深交所中小板,2018-07-28T00:00:00,2018-06-30T00:00:00,0.593,3584825699.13,18.204577531310097,42.66863194263675,3032730012.66,465400446.44,5.3816608465953175,78.05324904552565,441633243.11,6.6704,9.1,电子元件,058001001,069001002003
002192,融捷股份,A股,深交所中小板,2018-07-28T00:00:00,2018-06-30T00:00:00,-0.012,189706187.38,101.44807507379083,395.4798251114401,94171258.43,-3123393.83,-597.8840888673685,124.78376566233553,627333.53,2.95,-0.41,电子元件,058001001,069001002003
002165,红宝丽,A股,深交所中小板,2018-07-28T00:00:00,2018-06-30T00:00:00,0.02,1254620600.0,11.547584761375147,3.755072202564927,1124740264.6,10117400.0,-75.0717985372959,140.17852362070198,40586161.08,2.46,0.65,化工行业,058001001,069001002003
601108,财通证券,A股,上交所主板,2018-07-28T00:00:00,2018-06-30T00:00:00,0.16,1814142700.0,-16.1313261884488,-5.156666919249224,2163075457.8,584506800.0,-28.792520631598457,-37.310169978198395,820850288.74,5.6,2.78,券商信托,058001001,069001001001
002926,华西证券,A股,深交所中小板,2018-07-28T00:00:00,2018-06-30T00:00:00,0.21,1360875800.0,0.5836575394561828,0.2467461476147823,1352979035.85,536731800.0,-6.506249117342468,-13.208752052774997,574083075.0,6.86,3.15,券商信托,058001001,069001002003
002859,洁美科技,A股,深交所中小板,2018-07-28T00:00:00,2018-06-30T00:00:00,0.4111,597881301.97,36.80462186290474,29.976918296923756,437032969.96,105127593.02,30.61115847065684,157.2280979728981,80488982.91,5.52,7.59,电子元件,058001001,069001002003
002797,第一创业,A股,深交所中小板,2018-07-28T00:00:00,2018-06-30T00:00:00,0.02,761860200.0,-12.67549798674831,-28.019712670352465,872447231.23,72192900.0,-61.84717708871247,-95.36619529548953,189220336.77,2.51,0.82,券商信托,058001001,069001002003
601231,环旭电子,A股,上交所主板,2018-07-28T00:00:00,2018-06-30T00:00:00,0.18,12804853159.94,-0.6740376164462718,5.672883306840061,12891748393.53,392133268.06,-29.47669910340109,9.540371828297479,556033627.29,3.96,4.51,电子元件,058001001,069001001001
002641,永高股份,A股,深交所中小板,2018-07-28T00:00:00,2018-06-30T00:00:00,0.07,2319365587.66,18.236799842269384,50.152374131915245,1961627505.78,83082000.78,31.51825826114285,903.494439402556,63171457.62,2.44,3.04,塑胶制品,058001001,069001002003
002410,广联达,A股,深交所中小板,2018-07-28T00:00:00,2018-06-30T00:00:00,0.131,1071967527.0,17.859449485641345,114.66778055265121,909530403.95,146993716.87,3.468004833797661,59.4192135377554,142066832.26,2.61,4.73,软件服务,058001001,069001002003
002573,清新环境,A股,深交所中小板,2018-07-28T00:00:00,2018-06-30T00:00:00,0.3261,2297890258.46,48.304068839222715,26.638554552620704,1549445188.15,352644637.86,11.700459366107768,103.1050394566274,315705629.02,4.15,8.0,环保工程,058001001,069001002003
002119,康强电子,A股,深交所中小板,2018-07-27T00:00:00,2018-06-30T00:00:00,0.14,743348193.6,26.4694955240178,17.696502441643368,587768766.31,39551164.1,18.57724711824524,25.73914724070581,33354766.67,2.63,5.25,电子元件,058001001,069001002003
002025,航天电器,A股,深交所中小板,2018-07-27T00:00:00,2018-06-30T00:00:00,0.37,1168748357.79,-8.152164613207512,42.66016671630543,1272483290.29,157014702.96,5.42693648345729,42.411948011148546,148932244.64,5.8,6.41,电子元件,058001001,069001002003
002044,美年健康,A股,深交所中小板,2018-07-27T00:00:00,2018-06-30T00:00:00,0.05,3490185200.0,57.662944113883775,84.9332975715052,2213700384.46,166941200.0,998.0017769518926,369.78941649388526,15204091.97,2.05,2.55,医疗行业,058001001,069001002003
000591,太阳能,A股,深交所主板,2018-07-27T00:00:00,2018-06-30T00:00:00,0.1467,1989849450.78,-13.846955913026255,37.237222680824935,2309668186.27,441095495.62,12.237136894378098,110.83214262724586,393003160.83,4.1,3.61,电力行业,058001001,069001002001
002500,山西证券,A股,深交所中小板,2018-07-27T00:00:00,2018-06-30T00:00:00,0.0391,2980446100.0,41.953638268293716,24.30286561963005,2099591202.0,110273500.0,-53.54636193642898,-74.40486715521588,237383991.0,4.3664,0.88,券商信托,058001001,069001002003
002372,伟星新材,A股,深交所中小板,2018-07-27T00:00:00,2018-06-30T00:00:00,0.3,1886855596.18,18.393060078877667,84.58474868124071,1593721452.02,385994782.41,23.613735523478542,158.88109914382204,312258812.32,2.33,11.34,水泥建材,058001001,069001002003
002150,通润装备,A股,深交所中小板,2018-07-27T00:00:00,2018-06-30T00:00:00,0.18,591675192.49,0.9563310633169428,17.873372116638784,586070419.02,49610338.0,15.37015241695128,199.7868058910448,43001016.26,4.09,4.36,金属制品,058001001,069001002003
002880,卫光生物,A股,深交所中小板,2018-07-27T00:00:00,2018-06-30T00:00:00,0.64,299117600.0,-4.173004851492472,28.24953499987909,312143357.45,69164900.0,-8.731729855902696,79.52703348101687,75781977.56,-,5.67,医药制造,058001001,069001002003
002875,安奈儿,A股,深交所中小板,2018-07-27T00:00:00,2018-06-30T00:00:00,0.42,568421214.65,17.481436889838562,-13.084716999605908,483839174.68,55399623.12,24.623991299177835,-46.52673129077521,44453417.47,6.3,6.75,纺织服装,058001001,069001002003
002857,三晖电气,A股,深交所中小板,2018-07-27T00:00:00,2018-06-30T00:00:00,0.02,48321096.25,-24.917237007484616,109.75966296215742,64357109.84,2392856.12,379.70781491418876,327.4810184906326,498815.33,3.31,0.56,仪器仪表,058001001,069001002003
601881,中国银河,A股,上交所主板,2018-07-27T00:00:00,2018-06-30T00:00:00,0.13,4312000000.0,-23.932392476481727,-35.290928403802255,5668641541.89,1326000000.0,-37.2222187174661,-69.2705151403798,2112212271.46,6.36,2.04,券商信托,058001001,069001001001
002802,洪汇新材,A股,深交所中小板,2018-07-27T00:00:00,2018-06-30T00:00:00,0.35,252650579.31,43.249410859260685,28.42292169614297,176371112.31,38413766.34,1.078165969691417,54.662546065394565,38004019.93,5.37,6.16,化工行业,058001001,069001002003
002008,大族激光,A股,深交所中小板,2018-07-27T00:00:00,2018-06-30T00:00:00,0.95,5106989814.2,-7.746401614643459,101.82018302029519,5535816383.95,1018597903.08,11.43050742905605,79.45484658807707,914110441.19,7.7,12.96,机械行业,058001001,069001002003
002287,奇正藏药,A股,深交所中小板,2018-07-26T00:00:00,2018-06-30T00:00:00,0.4682,542308302.55,18.333397043425485,38.892240581072585,458288459.64,190076772.03,12.041141065211075,46.595032844217826,169649086.24,4.68,9.78,医药制造,058001001,069001002003
002080,中材科技,A股,深交所中小板,2018-07-26T00:00:00,2018-06-30T00:00:00,0.2978,4745891786.04,5.968281764448504,27.687071510231302,4478596526.26,384393569.36,2.9054442563316694,59.312794323317874,373540556.71,7.83,4.11,玻璃陶瓷,058001001,069001002003
002116,中国海诚,A股,深交所中小板,2018-07-26T00:00:00,2018-06-30T00:00:00,0.23,2058995528.73,8.380211847057684,15.141484339914033,1899789171.51,97772854.73,11.077118636261813,30.455176099830382,88022498.18,3.1611,7.16,工程建设,058001001,069001002003
000598,兴蓉环境,A股,深交所主板,2018-07-26T00:00:00,2018-06-30T00:00:00,0.18,1923493600.0,10.536602135623701,14.868963745855316,1740141783.66,532134300.0,17.311204417431696,30.448031228487775,453609101.23,3.34,5.37,公用事业,058001001,069001002001
000550,江铃汽车,A股,深交所主板,2018-07-26T00:00:00,2018-06-30T00:00:00,0.37,14287497000.0,-8.80210018162359,20.449553265795082,15666475904.0,318951000.0,-42.313398899615486,7.641963281255889,552903090.0,12.3,2.72,汽车行业,058001001,069001002001
200550,江铃B,B股,深交所主板,2018-07-26T00:00:00,2018-06-30T00:00:00,0.37,14287497000.0,-8.80210018162359,20.449553265795082,15666475904.0,318951000.0,-42.313398899615486,7.641963281255889,552903090.0,12.3,2.72,汽车行业,058001002,069001002001
600410,华胜天成,A股,上交所主板,2018-07-26T00:00:00,2018-06-30T00:00:00,0.01,2260260000.0,-11.250213646672641,69.71158732388373,2546777961.81,11620000.0,-92.39071597957029,-138.00278983817665,152708191.32,4.4,0.24,软件服务,058001001,069001001001
200058,深赛格B,B股,深交所主板,2018-07-26T00:00:00,2018-06-30T00:00:00,0.079,889418953.59,42.28748745516481,24.382679605548255,625085852.24,97666987.94,95.29966008920518,-44.039579220083716,50008785.42,1.5682,5.01,商业百货,058001002,069001002001
000058,深赛格,A股,深交所主板,2018-07-26T00:00:00,2018-06-30T00:00:00,0.079,889418953.59,42.28748745516481,24.382679605548255,625085852.24,97666987.94,95.29966008920518,-44.039579220083716,50008785.42,1.5682,5.01,商业百货,058001001,069001002001
002235,安妮股份,A股,深交所中小板,2018-07-26T00:00:00,2018-06-30T00:00:00,0.079,347971660.71,21.641022628876204,-21.438863412036742,286064399.32,49036195.79,29.979330121943264,-13.076238733980627,37726149.03,3.633,2.19,造纸印刷,058001001,069001002003
002262,恩华药业,A股,深交所中小板,2018-07-26T00:00:00,2018-06-30T00:00:00,0.2595,1865674775.98,11.180599376418483,1.4331954656894321,1678057850.42,261890415.65,25.203681538838023,57.37911617142615,209171497.54,2.64,10.2,医药制造,058001001,069001002003
601878,浙商证券,A股,上交所主板,2018-07-26T00:00:00,2018-06-30T00:00:00,0.12,1763970600.0,-14.96830725340232,17.56561185299443,2074486045.17,400521700.0,-23.967953545714785,0.2550071196062722,526780112.7,4.04,2.93,券商信托,058001001,069001001001
002142,宁波银行,A股,深交所中小板,2018-07-26T00:00:00,2018-06-30T00:00:00,1.12,13522000000.0,9.792167049082586,5.456462967163888,12315997000.0,5701000000.0,19.630929872898694,2.0268598980404,4765490000.0,11.73,10.565,银行,058001001,069001002003
002028,思源电气,A股,深交所中小板,2018-07-26T00:00:00,2018-06-30T00:00:00,0.18,1726846351.4,-7.750911915743291,96.87976182971803,1871938668.73,133167497.74,-8.117652835373763,1966.3418127906477,144932625.09,5.8,3.01,输配电气,058001001,069001002003
002605,姚记扑克,A股,深交所中小板,2018-07-26T00:00:00,2018-06-30T00:00:00,0.1119,310494813.72,8.956480678809347,53.50098103003549,284971404.9,44463075.25,24.496311659859394,111.7067619032886,35714371.5,4.0392,2.74,文教休闲,058001001,069001002003
002030,达安基因,A股,深交所中小板,2018-07-25T00:00:00,2018-06-30T00:00:00,0.07,803967336.53,4.264977226039065,6.842157215945684,771080911.27,59462029.23,2.3350236153689496,13.900250359108757,58105257.74,2.2,3.49,医药制造,058001001,069001002003
600036,招商银行,A股,上交所主板,2018-07-25T00:00:00,2018-06-30T00:00:00,1.77,125831000000.0,11.475221035099842,5.284194727225268,112878000000.0,44756000000.0,14.00188491810795,-2.61091999647173,39259000000.0,18.56,9.79,银行,058001001,069001001001
000049,德赛电池,A股,深交所主板,2018-07-25T00:00:00,2018-06-30T00:00:00,0.6498,6310244289.03,35.170771155948415,11.846737522476344,4668349699.47,133370249.21,16.49435344612897,-24.650615587752117,114486449.57,7.2337,9.17,电子元件,058001001,069001002001
600183,生益科技,A股,上交所主板,2018-07-25T00:00:00,2018-06-30T00:00:00,0.25,5808905400.0,19.65927087724818,5.3871244092605535,4854538522.1,532841800.0,-1.2544813968667574,13.680087684730541,539611121.13,2.8,8.78,电子元件,058001001,069001001001
002383,合众思壮,A股,深交所中小板,2018-07-25T00:00:00,2018-06-30T00:00:00,0.243,2398948578.93,276.9778876096013,72.79750447376486,636363207.97,180474708.12,258.8737633874902,135.60780218538883,50289189.83,5.18,4.79,通讯行业,058001001,069001002003
603896,寿仙谷,A股,上交所主板,2018-07-25T00:00:00,2018-06-30T00:00:00,0.38,226975975.08,35.89075313252679,-20.59381333295486,167028270.76,53987542.96,31.813210840735064,-50.75385554642723,40957611.62,6.88,5.92,医药制造,058001001,069001001001
603416,信捷电气,A股,上交所主板,2018-07-25T00:00:00,2018-06-30T00:00:00,0.48,282312600.0,27.106291053664272,42.643890689011066,222107495.75,67495700.0,5.521784856769715,47.00935107137509,63963758.85,7.1,7.0,仪器仪表,058001001,069001001001
002795,永和智控,A股,深交所中小板,2018-07-25T00:00:00,2018-06-30T00:00:00,0.16,324679272.48,25.266561581446485,46.19691437127652,259190695.73,31901703.67,5.848024106839012,219.94826426801234,30139158.42,2.99,5.04,机械行业,058001001,069001002003
603368,柳药股份,A股,上交所主板,2018-07-25T00:00:00,2018-06-30T00:00:00,0.99,5516184400.0,24.161855322627073,3.432544353292638,4442736769.41,255580700.0,33.24818295524386,25.671955397484787,191808018.94,13.99,7.1,医药制造,058001001,069001001001
002083,孚日股份,A股,深交所中小板,2018-07-25T00:00:00,2018-06-30T00:00:00,0.21,2577822859.74,9.170438642557725,-2.657619989377199,2361282863.56,193155443.62,-20.752929504583474,21.00441702529028,243738276.27,3.57,5.87,纺织服装,058001001,069001002003
002102,冠福股份,A股,深交所中小板,2018-07-24T00:00:00,2018-06-30T00:00:00,0.1249,7139995193.09,82.11307176439946,23.071775716938674,3920638493.39,328939489.94,318.48951579512266,-74.40282223608371,78601608.29,2.09,6.01,医药制造,058001001,069001002003
002057,中钢天源,A股,深交所中小板,2018-07-24T00:00:00,2018-06-30T00:00:00,0.18,622079924.67,9.171823105284933,8.617726217122899,569817290.74,70589239.77,30.300461216121555,0.09204942839569107,54174205.61,3.33,5.49,综合行业,058001001,069001002003
601116,三江购物,A股,上交所主板,2018-07-24T00:00:00,2018-06-30T00:00:00,0.1386,2076978301.76,7.913071462025775,-13.765151930912033,1924677218.08,56935802.25,-13.808011390839486,-51.75065706953287,66056953.98,3.9217,3.4488,商业百货,058001001,069001001001
600420,现代制药,A股,上交所主板,2018-07-24T00:00:00,2018-06-30T00:00:00,0.3698,5850116004.62,27.741249577506405,-11.847187983084567,4579660856.59,410385515.07,14.868634657473187,36.77138204742098,357265076.14,5.8848,6.43,医药制造,058001001,069001001001
600483,福能股份,A股,上交所主板,2018-07-24T00:00:00,2018-06-30T00:00:00,0.26,3836244176.48,55.80175820739007,23.60412888620785,2462259874.74,406659434.21,37.8456445126281,-7.293995596627195,295010724.24,6.83,3.8,电力行业,058001001,069001001001
600979,广安爱众,A股,上交所主板,2018-07-24T00:00:00,2018-06-30T00:00:00,0.1278,963823200.0,1.186546413304871,-7.779698430516957,952521095.11,118863600.0,-20.923736898662032,60.447847057960615,150315145.58,3.7766,3.26,公用事业,058001001,069001001001
600917,重庆燃气,A股,上交所主板,2018-07-24T00:00:00,2018-06-30T00:00:00,0.12,3016582300.0,7.616524703457318,-13.393315386397633,2803084664.1,191987100.0,2.0469030012918434,-20.801536542499548,188136135.79,2.43,4.98,公用事业,058001001,069001001001
002815,崇达技术,A股,深交所中小板,2018-07-24T00:00:00,2018-06-30T00:00:00,0.34,1814627993.69,22.582002166545706,7.044795596930283,1480338028.11,281424810.36,38.61833169271814,19.85697184258268,203021351.45,3.16,10.66,电子元件,058001001,069001002003
002599,盛通股份,A股,深交所中小板,2018-07-24T00:00:00,2018-06-30T00:00:00,0.16,855621080.65,63.08522607347843,25.768706129352033,524646592.0,50226767.21,66.32632924959545,294.234434044023,30197724.82,4.77,3.28,包装材料,058001001,069001002003
601016,节能风电,A股,上交所主板,2018-07-24T00:00:00,2018-06-30T00:00:00,0.081,1213196617.54,30.55819214493045,-1.3032545290675592,929238217.54,337855744.14,47.112150668627855,-27.880035720389074,229658626.16,1.639,4.97,输配电气,058001001,069001001001
002032,苏泊尔,A股,深交所中小板,2018-07-23T00:00:00,2018-06-30T00:00:00,0.904,8849159546.48,25.273010904981284,-18.924595664967583,7063899464.5,739416193.05,22.59478754214638,-36.572583755647244,603138361.65,6.48,13.21,家电行业,058001001,069001002003
601229,上海银行,A股,上交所主板,2018-07-23T00:00:00,2018-06-30T00:00:00,0.86,19750000000.0,28.280006089890314,15.717045644197725,15396008000.0,9372000000.0,20.217700247708496,13.083926009948918,7795857000.0,12.15,7.11,银行,058001001,069001001001
600837,海通证券,A股,上交所主板,2018-07-21T00:00:00,2018-06-30T00:00:00,0.26,10961778900.0,-14.431555866672644,-7.845889574761928,12810538991.36,3032265800.0,-24.63570034416591,-24.937494068010327,4023477712.72,10.17,2.56,券商信托,058001001,069001001001
002020,京新药业,A股,深交所中小板,2018-07-21T00:00:00,2018-06-30T00:00:00,0.2901,1408821727.66,41.08477981011601,18.897592381065557,998563934.08,213003278.61,25.29976788751171,41.97798896690487,169994950.67,5.141,5.51,医药制造,058001001,069001002003
601899,紫金矿业,A股,上交所主板,2018-07-21T00:00:00,2018-06-30T00:00:00,0.11,49813890000.0,32.75338090800497,17.874268492395007,37523631910.0,2523040000.0,67.59937450566815,32.46056438379783,1505399413.0,15.18,7.05,贵金属,058001001,069001001001
002540,亚太科技,A股,深交所中小板,2018-07-21T00:00:00,2018-06-30T00:00:00,0.1482,1754327407.58,10.402868149695045,8.567732880137822,1589023398.56,188326088.1,26.071475488629254,28.039891587116237,149380410.89,3.76,3.96,有色金属,058001001,069001002003
002138,顺络电子,A股,深交所中小板,2018-07-20T00:00:00,2018-06-30T00:00:00,0.28,1129691378.35,38.79006418114872,29.607583078179584,813956953.63,227237804.08,30.729059113772156,22.89659339518656,173823483.18,4.98,5.63,电子元件,058001001,069001002003
002195,二三四五,A股,深交所中小板,2018-07-20T00:00:00,2018-06-30T00:00:00,0.1427,1317769339.64,23.60917091010698,100.0701038434045,1066077322.53,609940045.89,34.636306293633446,81.5553443565452,453027911.03,1.85,7.7,电子信息,058001001,069001002003
002186,全聚德,A股,深交所中小板,2018-07-20T00:00:00,2018-06-30T00:00:00,0.2519,875922217.55,1.4318662995090936,-2.3755790106777077,863557232.56,77689658.87,1.1583434964429733,8.949999354602825,76800050.48,4.8866,5.1,旅游酒店,058001001,069001002003
600965,福成股份,A股,上交所主板,2018-07-20T00:00:00,2018-06-30T00:00:00,0.1,703498000.0,13.325699418882289,-0.8910513397693619,620775343.64,85430000.0,30.376698873341944,35.4762062538169,65525512.41,2.3,4.53,农牧饲渔,058001001,069001001001
600606,绿地控股,A股,上交所主板,2018-07-20T00:00:00,2018-06-30T00:00:00,0.49,158056353500.0,25.32354605392817,11.208432684320364,126118641290.27,5943491700.0,27.60669593459203,-29.698303982843864,4657664440.31,5.29,9.07,房地产,058001001,069001001001
600161,天坛生物,A股,上交所主板,2018-07-20T00:00:00,2018-06-30T00:00:00,0.28,1220289200.0,18.17139607716205,20.405928193095935,1032643465.77,241171400.0,-72.62651976852254,18.97413793422879,881040327.94,3.62,6.4,医药制造,058001001,069001001001
002858,力盛赛车,A股,深交所中小板,2018-07-20T00:00:00,2018-06-30T00:00:00,0.029,147029090.36,119.92250995657947,164.64253262144882,66854952.86,2155602.45,158.22769149513033,243.46870126091778,-3702022.86,5.45,0.54,文化传媒,058001001,069001002003
603689,皖天然气,A股,上交所主板,2018-07-20T00:00:00,2018-06-30T00:00:00,0.26,1552260000.0,15.269563752151932,-7.638870020762583,1346634748.56,87280000.0,35.26408500992411,2.5925494185673648,64525627.77,5.73,4.55,石油行业,058001001,069001001001
603696,安记食品,A股,上交所主板,2018-07-20T00:00:00,2018-06-30T00:00:00,0.13,154498200.0,35.21090735653687,18.6650988938988,114264598.19,21120100.0,24.275434983911122,-6.849925754130609,16994589.48,4.33,2.92,食品饮料,058001001,069001001001
002338,奥普光电,A股,深交所中小板,2018-07-20T00:00:00,2018-06-30T00:00:00,0.09,177159891.57,1.757809632320487,18.041241246280173,174099552.86,21681379.2,-17.964733809110566,31.49991486779834,26429339.73,3.35,2.73,仪器仪表,058001001,069001002003
600469,风神股份,A股,上交所主板,2018-07-20T00:00:00,2018-06-30T00:00:00,-0.16,3130784700.0,-16.35666483416096,18.349715680348304,3743017532.47,-90899700.0,19.199594191822598,111.58389010974166,-112499063.7,3.25,-4.85,汽车行业,058001001,069001001001
000719,中原传媒,A股,深交所主板,2018-07-19T00:00:00,2018-06-30T00:00:00,0.34,4100847300.0,7.713623329297138,58.33241971599355,3807176077.87,349239200.0,8.012341455312352,250.82214310882767,323332681.52,7.18,4.81,文化传媒,058001001,069001002001
000027,深圳能源,A股,深交所主板,2018-07-19T00:00:00,2018-06-30T00:00:00,0.1365,7973110000.0,29.135544766664083,18.73119661059945,6174217961.76,541230000.0,34.19663526651238,690.5667120622254,403311155.25,5.31,2.57,公用事业,058001001,069001002001
600160,巨化股份,A股,上交所主板,2018-07-19T00:00:00,2018-06-30T00:00:00,0.385,8079624768.54,24.43832856001919,2.4417896519452356,6492874713.15,1057455163.54,101.03623339425354,47.55501354169655,526002276.15,4.26,9.34,化工行业,058001001,069001001001
002912,中新赛克,A股,深交所中小板,2018-07-19T00:00:00,2018-06-30T00:00:00,0.58,264943600.0,61.37076209543418,94.29031042006272,164183149.76,62095400.0,73.10841407241378,1923.9114557877717,35870815.6,10.79,5.38,软件服务,058001001,069001002003
603535,嘉诚国际,A股,上交所主板,2018-07-19T00:00:00,2018-06-30T00:00:00,0.42,505301864.29,10.880506319452818,44.73866024867136,455717493.6,62997249.06,27.757275841482915,35.71144566822259,49310106.72,9.39,4.52,交运物流,058001001,069001001001
603496,恒为科技,A股,上交所主板,2018-07-19T00:00:00,2018-06-30T00:00:00,0.3275,218575877.91,52.93841905766654,20.61807064537341,142917573.79,46314559.62,36.59289167301151,44.21334545519051,33907005.74,4.8,6.81,通讯行业,058001001,069001001001
002777,久远银海,A股,深交所中小板,2018-07-19T00:00:00,2018-06-30T00:00:00,0.26,295958600.0,23.00568236855528,43.327669986022805,240605632.44,43449300.0,24.293887173031408,321.47646800067065,34956908.17,5.47,8.18,电子信息,058001001,069001002003
603866,桃李面包,A股,上交所主板,2018-07-19T00:00:00,2018-06-30T00:00:00,0.56,2166657100.0,19.325102900552658,19.097900044013482,1815759674.48,262888500.0,43.54273896655965,43.27958910504988,183143015.03,6.46,8.15,食品饮料,058001001,069001001001
600750,江中药业,A股,上交所主板,2018-07-18T00:00:00,2018-06-30T00:00:00,0.54,895230000.0,2.0012798323205185,-5.525411736710819,877665458.19,228360000.0,8.513425533045483,-3.189199297944533,210444006.24,7.16,7.54,医药制造,058001001,069001001001
600436,片仔癀,A股,上交所主板,2018-07-18T00:00:00,2018-06-30T00:00:00,1.03,2404063300.0,37.15314438174902,-3.298632472928764,1752831341.08,618942000.0,42.87710669735473,-10.209363711963809,433198861.81,7.34,14.03,医药制造,058001001,069001001001
600644,乐山电力,A股,上交所主板,2018-07-18T00:00:00,2018-06-30T00:00:00,0.1077,1076778100.0,7.7933880206181,8.53373833009928,998927781.91,57988000.0,-4.376220062646479,150.89721970762085,60641819.47,2.48,4.45,电力行业,058001001,069001001001
002158,汉钟精机,A股,深交所中小板,2018-07-18T00:00:00,2018-06-30T00:00:00,0.1971,816387326.32,14.543582195595754,38.662199908433124,712730744.64,104538181.05,1.4302664494637534,159.37482211857173,103064089.95,3.31,5.8,机械行业,058001001,069001002003
002152,广电运通,A股,深交所中小板,2018-07-18T00:00:00,2018-06-30T00:00:00,0.14,2119080200.0,38.506509240990994,6.409205287402426,1529949900.27,344010200.0,-35.36829863709869,-18.303325823997938,532262330.63,3.53,3.8,电子信息,058001001,069001002003
603766,隆鑫通用,A股,上交所主板,2018-07-18T00:00:00,2018-06-30T00:00:00,0.1976,5133178400.0,8.271546745037355,13.83164183929777,4741022507.13,417626900.0,-16.666198867106747,-1.7946492256610407,501149466.75,3.0,6.22,机械行业,058001001,069001001001
